context_level,provider,prompt_style,feature,coef,pvalue
none,anthropic,general,user_followers_count,0.32286262467879223,1.8248895913621944e-07
none,anthropic,general,user_friends_count,-0.04852605050810488,0.37297415091011177
none,anthropic,general,user_statuses_count,-0.19544925495488358,0.0006012993650219159
none,anthropic,general,user_favourites_count,-0.0721847475102998,0.16296253609415767
none,anthropic,general,favorite_count,0.058737456821880155,0.23097316316083216
none,anthropic,general,retweet_count,-0.09372338537853564,0.04757412998861503
none,anthropic,general,avg_word_length,-0.10418913737513731,0.11016469585107003
none,anthropic,general,text_length,0.37944861773186195,1.6625633035136557e-24
none,anthropic,general,sentiment_polarity,-0.2631012695110154,1.4170241990975986e-10
none,anthropic,general,sentiment_subjectivity,0.02467945024368943,0.5691004139721185
none,anthropic,general,polarization_score,0.38508288932672546,8.313480918540829e-22
none,anthropic,general,toxicity,-0.20823947900728457,6.005179081581565e-06
none,anthropic,general,has_emoji,-0.19112912611712937,0.4191235115012635
none,anthropic,general,has_hashtag,-0.7501289325488352,1.0188643476034137e-13
none,anthropic,general,has_mention,-1.5524102043920136,6.523498053726535e-62
none,anthropic,general,has_url,-0.3081606918165519,0.00019433080484944606
none,anthropic,popular,user_followers_count,0.16070630283102247,0.00962059203498706
none,anthropic,popular,user_friends_count,-0.07928259012138063,0.13846015355673438
none,anthropic,popular,user_statuses_count,-0.13015131586483905,0.02481622866426063
none,anthropic,popular,user_favourites_count,0.16193194512076994,0.0024212364187104034
none,anthropic,popular,favorite_count,0.10807242839935259,0.027508797348687775
none,anthropic,popular,retweet_count,0.008116891863365531,0.8565094404078752
none,anthropic,popular,avg_word_length,-0.17819885744467526,0.003055568637433796
none,anthropic,popular,text_length,0.23834500355839242,3.1961004742572404e-10
none,anthropic,popular,sentiment_polarity,-0.14287695386253135,0.0005063207625638498
none,anthropic,popular,sentiment_subjectivity,0.09258780719979873,0.024099221611180718
none,anthropic,popular,polarization_score,0.04483894995531651,0.29224925546964786
none,anthropic,popular,toxicity,0.07216041483998802,0.040527184933424804
none,anthropic,popular,has_emoji,0.02626799457876436,0.8914703330119276
none,anthropic,popular,has_hashtag,-0.6109046018623909,1.3296372648941133e-09
none,anthropic,popular,has_mention,-2.006723287075637,3.3670886157082616e-88
none,anthropic,popular,has_url,-0.9374807636410791,5.279256624676291e-29
none,anthropic,engaging,user_followers_count,0.10966049648471626,0.07736845121350883
none,anthropic,engaging,user_friends_count,-0.13695106600465898,0.010634837553436968
none,anthropic,engaging,user_statuses_count,-0.08841439978574633,0.10909990699087109
none,anthropic,engaging,user_favourites_count,0.14783946286134464,0.005045321286342041
none,anthropic,engaging,favorite_count,-0.07569046097676123,0.141713309992298
none,anthropic,engaging,retweet_count,0.05064066324474683,0.2960252162421234
none,anthropic,engaging,avg_word_length,-0.5074749600010134,8.229375988581289e-14
none,anthropic,engaging,text_length,0.2809121559487344,1.982139939628479e-15
none,anthropic,engaging,sentiment_polarity,-0.22354885242563557,5.493034884045195e-09
none,anthropic,engaging,sentiment_subjectivity,0.19513247298882064,1.4808624906684746e-06
none,anthropic,engaging,polarization_score,0.39848657392577824,1.840694411573453e-24
none,anthropic,engaging,toxicity,0.15346104958592874,7.572921590118392e-07
none,anthropic,engaging,has_emoji,0.04116555645986695,0.8414162790795211
none,anthropic,engaging,has_hashtag,-0.22852321054107871,0.01804719993024211
none,anthropic,engaging,has_mention,-1.1686243495147883,2.110270623295832e-38
none,anthropic,engaging,has_url,-0.609458358853582,5.2763776662193304e-14
none,anthropic,informative,user_followers_count,0.5232016121855365,5.498581635501592e-16
none,anthropic,informative,user_friends_count,-0.0941540438413511,0.0879236834568953
none,anthropic,informative,user_statuses_count,-0.23914449089846235,2.6888404286165056e-05
none,anthropic,informative,user_favourites_count,-0.2795100877698852,6.65885229480325e-08
none,anthropic,informative,favorite_count,-0.048902795652784124,0.31304328649359703
none,anthropic,informative,retweet_count,0.043810608574741734,0.3048241849708666
none,anthropic,informative,avg_word_length,-0.11001533753553279,0.08887609097383499
none,anthropic,informative,text_length,0.5498850044683135,4.377203092967903e-50
none,anthropic,informative,sentiment_polarity,-0.19028773420036887,4.794700457241104e-06
none,anthropic,informative,sentiment_subjectivity,-0.11647176344684129,0.016275807783111686
none,anthropic,informative,polarization_score,0.6483398320318846,4.543954542581982e-55
none,anthropic,informative,toxicity,-0.5083141257301999,1.1128485464720137e-14
none,anthropic,informative,has_emoji,-1.3850781214311092,0.00015296750286836641
none,anthropic,informative,has_hashtag,-0.33315722974349476,0.0007215633162238987
none,anthropic,informative,has_mention,-0.9163234263241686,3.779570300514156e-25
none,anthropic,informative,has_url,0.46706026236615455,1.5551842506259794e-07
none,anthropic,controversial,user_followers_count,0.34472138825163945,1.1571506226695376e-06
none,anthropic,controversial,user_friends_count,-0.06605246209453525,0.27190486227099764
none,anthropic,controversial,user_statuses_count,-0.2674888226093338,1.8206841510876096e-05
none,anthropic,controversial,user_favourites_count,-0.1712248252320651,0.002244705219559789
none,anthropic,controversial,favorite_count,-0.145015948298363,0.005270565472069119
none,anthropic,controversial,retweet_count,0.07093321364207193,0.1500575856661637
none,anthropic,controversial,avg_word_length,-0.30248149366541394,3.3029896325767804e-05
none,anthropic,controversial,text_length,0.674476357564054,1.3696907120719457e-59
none,anthropic,controversial,sentiment_polarity,-0.3447001150444054,1.4328774058013262e-16
none,anthropic,controversial,sentiment_subjectivity,0.022945255167525085,0.6420002202561623
none,anthropic,controversial,polarization_score,1.108298743179422,4.171899892586709e-123
none,anthropic,controversial,toxicity,-0.15694238424571286,2.1274427694674767e-05
none,anthropic,controversial,has_emoji,-2.0018008921583155,6.824904104843582e-06
none,anthropic,controversial,has_hashtag,-0.6024331426845023,1.0776245286518863e-07
none,anthropic,controversial,has_mention,-1.0156010970103613,2.8412265532784783e-25
none,anthropic,controversial,has_url,-0.7956992494440548,2.279599822874562e-18
none,anthropic,neutral,user_followers_count,0.23739534899304907,0.0004142905721343384
none,anthropic,neutral,user_friends_count,0.06322484831217412,0.2920506990809665
none,anthropic,neutral,user_statuses_count,-0.22260865950433775,0.00016317357876829551
none,anthropic,neutral,user_favourites_count,0.0014943539735620274,0.9777247776647471
none,anthropic,neutral,favorite_count,-0.08567983366472719,0.09338139697769543
none,anthropic,neutral,retweet_count,0.09547083696101102,0.04563093351934605
none,anthropic,neutral,avg_word_length,-0.2848672686057762,2.5116976437053762e-05
none,anthropic,neutral,text_length,0.42634022204867367,9.148297981733136e-32
none,anthropic,neutral,sentiment_polarity,-0.18197510285066554,4.088398610938117e-06
none,anthropic,neutral,sentiment_subjectivity,0.11433726440467414,0.007990532800918921
none,anthropic,neutral,polarization_score,0.7814715039012472,1.8876065028170185e-80
none,anthropic,neutral,toxicity,-0.1928244786865886,4.9792796417295495e-06
none,anthropic,neutral,has_emoji,-0.37983314573951077,0.1079287798067036
none,anthropic,neutral,has_hashtag,-0.2959700455576346,0.0027785150164369257
none,anthropic,neutral,has_mention,-1.2659640174156546,4.642149582314856e-43
none,anthropic,neutral,has_url,-0.22928678259180615,0.007774870702907986
none,openai,general,user_followers_count,0.17877828214521108,0.0018227868562199845
none,openai,general,user_friends_count,-0.017714828529371417,0.725822966591253
none,openai,general,user_statuses_count,-0.09776656843371077,0.06405574602274726
none,openai,general,user_favourites_count,-0.22554007506145635,3.268578673247198e-06
none,openai,general,favorite_count,-0.06189447912122392,0.22557508111708313
none,openai,general,retweet_count,0.0365811624852569,0.383323881969877
none,openai,general,avg_word_length,-0.014504556068464102,0.7801637103141513
none,openai,general,text_length,0.18226738193545433,7.590835070728813e-08
none,openai,general,sentiment_polarity,-0.05070793213636321,0.21104831089524823
none,openai,general,sentiment_subjectivity,0.15844722742947145,8.010150883350781e-05
none,openai,general,polarization_score,0.16281938647843455,2.980851131915885e-05
none,openai,general,toxicity,-0.09325554739950216,0.03938191743292584
none,openai,general,has_emoji,0.030441534325121748,0.8882671228692873
none,openai,general,has_hashtag,-0.10976925521673017,0.21249063118395428
none,openai,general,has_mention,-0.37852651104956786,2.7454385453427997e-06
none,openai,general,has_url,0.5092140908980983,1.7349079025818084e-09
none,openai,popular,user_followers_count,0.07372493334995832,0.21443327578673876
none,openai,popular,user_friends_count,0.0377771766311802,0.444680128033932
none,openai,popular,user_statuses_count,-0.019763129959303627,0.7045593606452288
none,openai,popular,user_favourites_count,-0.1640900731321951,0.0006439475815803233
none,openai,popular,favorite_count,-0.16854793697109768,0.0025616203478783213
none,openai,popular,retweet_count,0.06791337028685955,0.16571266108306626
none,openai,popular,avg_word_length,-0.09004065199444809,0.0697262494384231
none,openai,popular,text_length,0.13533882962703492,0.00022210084579902707
none,openai,popular,sentiment_polarity,0.15548030603984694,0.000416400733208555
none,openai,popular,sentiment_subjectivity,0.1318405799384995,0.0013302431024306003
none,openai,popular,polarization_score,-0.04590081424054286,0.26575841232563124
none,openai,popular,toxicity,0.033368341200803994,0.4045799396064492
none,openai,popular,has_emoji,0.04990178868888519,0.799892845980462
none,openai,popular,has_hashtag,0.04916700752963186,0.5585723367408268
none,openai,popular,has_mention,-0.1742790559018926,0.02692470232213767
none,openai,popular,has_url,0.34225865835662495,4.806613070925042e-05
none,openai,engaging,user_followers_count,0.12756955310272136,0.03236337510500172
none,openai,engaging,user_friends_count,0.08225667726757054,0.10487294873541168
none,openai,engaging,user_statuses_count,-0.054144378618899446,0.30733375494707904
none,openai,engaging,user_favourites_count,-0.27898105447127625,4.564185880689335e-09
none,openai,engaging,favorite_count,-0.18576627092701214,0.0020271580098481998
none,openai,engaging,retweet_count,0.08680357738623305,0.074489470045232
none,openai,engaging,avg_word_length,-0.10734674362262997,0.046526776129319485
none,openai,engaging,text_length,0.21071268329090562,4.6292808509417145e-07
none,openai,engaging,sentiment_polarity,0.03142851600698099,0.45523319475376123
none,openai,engaging,sentiment_subjectivity,0.2821873272007532,3.5702139000107847e-12
none,openai,engaging,polarization_score,0.07350193065287094,0.07251991780823895
none,openai,engaging,toxicity,-0.02346347582187384,0.5823535251668382
none,openai,engaging,has_emoji,0.07579026691846698,0.7002595384829389
none,openai,engaging,has_hashtag,0.16736963199475885,0.045699051086376674
none,openai,engaging,has_mention,-0.35763892251689094,9.263198661314281e-06
none,openai,engaging,has_url,0.08924032959611833,0.2814556058411595
none,openai,informative,user_followers_count,0.4472749844176211,1.3371195148077596e-12
none,openai,informative,user_friends_count,-0.11676576730982798,0.036019427151044295
none,openai,informative,user_statuses_count,-0.1911233684650829,0.000503675444959571
none,openai,informative,user_favourites_count,-0.30215956815348477,2.49084986023288e-09
none,openai,informative,favorite_count,-0.26106461247614765,1.837926640064411e-06
none,openai,informative,retweet_count,0.14930585688468906,0.0006537535781175948
none,openai,informative,avg_word_length,0.08086364904529594,0.10712838019914354
none,openai,informative,text_length,0.3142208646646481,1.6100676724404774e-19
none,openai,informative,sentiment_polarity,-0.1342800627791706,0.001055904692604911
none,openai,informative,sentiment_subjectivity,0.02826665729706046,0.5182870928925551
none,openai,informative,polarization_score,0.6885025750859173,4.860405037913299e-64
none,openai,informative,toxicity,-0.4189273577947597,2.3570632362160896e-12
none,openai,informative,has_emoji,-0.2954458526286606,0.15660010567520136
none,openai,informative,has_hashtag,-0.2619765436229781,0.0054989976635707325
none,openai,informative,has_mention,-0.6861126847437664,9.928498034184962e-16
none,openai,informative,has_url,0.5553257145372136,6.940156566937157e-10
none,openai,controversial,user_followers_count,0.1913187106136465,0.003814506329218228
none,openai,controversial,user_friends_count,-0.011752221595150863,0.8422146415340133
none,openai,controversial,user_statuses_count,-0.14789559214082473,0.011554939925740308
none,openai,controversial,user_favourites_count,-0.16118511686734172,0.002494929461046636
none,openai,controversial,favorite_count,-0.1324025187388906,0.013071612026004533
none,openai,controversial,retweet_count,0.046274809641696016,0.3256326407715032
none,openai,controversial,avg_word_length,-0.18459632112778543,0.001519862378397637
none,openai,controversial,text_length,0.28003973689958067,8.919445341472333e-15
none,openai,controversial,sentiment_polarity,-0.25325177083968575,1.0820630207872481e-10
none,openai,controversial,sentiment_subjectivity,0.08167924737386667,0.061213897885343864
none,openai,controversial,polarization_score,0.9467436929937487,5.995596512555992e-112
none,openai,controversial,toxicity,-0.05452867591827276,0.13092814745763254
none,openai,controversial,has_emoji,-1.0125633084496661,0.002117782754658275
none,openai,controversial,has_hashtag,-0.08585649059019984,0.3823967351039915
none,openai,controversial,has_mention,-0.5274084843574025,1.4451963076721227e-09
none,openai,controversial,has_url,-0.0007994675178110871,0.992423590592382
none,openai,neutral,user_followers_count,0.14840981008282214,0.016558598546024098
none,openai,neutral,user_friends_count,0.103517019652921,0.055745259040208724
none,openai,neutral,user_statuses_count,-0.07195206638823032,0.17146753396288628
none,openai,neutral,user_favourites_count,-0.2919810489871449,1.7030438548503987e-09
none,openai,neutral,favorite_count,-0.11829505412925102,0.021965130871693477
none,openai,neutral,retweet_count,0.03800925043193832,0.38259834192714137
none,openai,neutral,avg_word_length,-0.03731901254731096,0.4085830654252838
none,openai,neutral,text_length,0.28483508286659215,3.6697294222704e-14
none,openai,neutral,sentiment_polarity,-0.10539321723821794,0.006514919587599698
none,openai,neutral,sentiment_subjectivity,0.1725772793827663,1.805570555436456e-05
none,openai,neutral,polarization_score,0.4534438797213526,1.4837335303725678e-32
none,openai,neutral,toxicity,-0.04619202453295304,0.22245249563894698
none,openai,neutral,has_emoji,-0.09301067587651418,0.6558827537494472
none,openai,neutral,has_hashtag,0.05929101349186927,0.5022460257975413
none,openai,neutral,has_mention,-0.4187762082978461,1.731439076597268e-07
none,openai,neutral,has_url,0.017338146394990196,0.8311518229660834
none,google,general,user_followers_count,0.24011560289228645,7.23932289068279e-05
none,google,general,user_friends_count,-0.126892435783593,0.012324614940251154
none,google,general,user_statuses_count,-0.03554593153708767,0.500223425305627
none,google,general,user_favourites_count,0.0189218101622201,0.6964580148612228
none,google,general,favorite_count,-0.02811341604488961,0.5452995998893899
none,google,general,retweet_count,-0.017840339846442003,0.6957554372243153
none,google,general,avg_word_length,-0.16111967242101502,0.006597421504232314
none,google,general,text_length,0.22368273250803603,1.7493286218287616e-10
none,google,general,sentiment_polarity,-0.18289303168813648,5.459699534378137e-06
none,google,general,sentiment_subjectivity,0.14620700892592967,0.0002255496200030404
none,google,general,polarization_score,0.23842022457757037,7.275240812162648e-10
none,google,general,toxicity,-0.23884543154068272,9.280931116779238e-07
none,google,general,has_emoji,-0.05436516866943398,0.8097724167044773
none,google,general,has_hashtag,-0.24922145571445004,0.0047884627214693195
none,google,general,has_mention,-1.1976894321473992,9.577339898915006e-43
none,google,general,has_url,0.15627526622637508,0.06446869386336948
none,google,popular,user_followers_count,0.20556640813234395,0.0004801601463107101
none,google,popular,user_friends_count,-0.042669370732101385,0.4012461551068477
none,google,popular,user_statuses_count,-0.16211233638847522,0.003639961639724788
none,google,popular,user_favourites_count,-0.031294388470230146,0.5185790374012041
none,google,popular,favorite_count,-0.024960962481972375,0.6360137968059858
none,google,popular,retweet_count,0.035298790662488276,0.45524522201405726
none,google,popular,avg_word_length,-0.143550491152789,0.006693736211019599
none,google,popular,text_length,0.04582573540365447,0.23904760426576255
none,google,popular,sentiment_polarity,-0.15956170494865382,8.599593201465475e-05
none,google,popular,sentiment_subjectivity,0.16511715093423324,2.060361512903913e-05
none,google,popular,polarization_score,0.06693750726387646,0.09705096799214587
none,google,popular,toxicity,0.04444945861787653,0.2074044194115705
none,google,popular,has_emoji,0.507280574514579,0.011546973924168652
none,google,popular,has_hashtag,-0.09536173345422432,0.2931687588857227
none,google,popular,has_mention,-1.0359875419742959,5.4141944300721965e-34
none,google,popular,has_url,0.0076407332457875884,0.9237971838031305
none,google,engaging,user_followers_count,0.1334854776525584,0.03576602820335932
none,google,engaging,user_friends_count,-0.049628982748674104,0.3437483236422463
none,google,engaging,user_statuses_count,-0.08661646828107486,0.11276361358843096
none,google,engaging,user_favourites_count,0.006555479880757099,0.8953777307035344
none,google,engaging,favorite_count,-0.17347515388321413,0.0011201301358326897
none,google,engaging,retweet_count,0.07801134115921521,0.08773650372456045
none,google,engaging,avg_word_length,-0.09241532036564333,0.05914506623323631
none,google,engaging,text_length,0.20773425128917056,9.95193938239436e-10
none,google,engaging,sentiment_polarity,-0.22017559872657994,6.539530685256087e-09
none,google,engaging,sentiment_subjectivity,0.15316214341704965,8.181775960558124e-05
none,google,engaging,polarization_score,0.33768667500457616,1.0007063427396024e-18
none,google,engaging,toxicity,0.15527647199602454,1.245294856802782e-07
none,google,engaging,has_emoji,-0.07197613595604052,0.7122344723684522
none,google,engaging,has_hashtag,0.06716499006131443,0.4617860478092404
none,google,engaging,has_mention,-0.7594866665857904,1.9732335797098155e-19
none,google,engaging,has_url,-0.21581692508703337,0.007861101048136058
none,google,informative,user_followers_count,0.48402693666210544,2.599273760043516e-13
none,google,informative,user_friends_count,-0.021739862429736252,0.6977259153637518
none,google,informative,user_statuses_count,-0.2412204932078143,1.8199908376659746e-05
none,google,informative,user_favourites_count,-0.281667093303102,6.278238754094489e-08
none,google,informative,favorite_count,-0.33657472009923256,1.0607707051875236e-07
none,google,informative,retweet_count,0.13992093615115614,0.008289252025536315
none,google,informative,avg_word_length,0.08870894180133017,0.14057939319360166
none,google,informative,text_length,0.41834937902330477,7.930184683573089e-25
none,google,informative,sentiment_polarity,-0.24785485419341977,1.158068441228696e-08
none,google,informative,sentiment_subjectivity,-0.08361564912553482,0.07438141111562792
none,google,informative,polarization_score,0.6012889950714537,5.557323862468408e-47
none,google,informative,toxicity,-0.38322605929397624,1.2599374510383318e-09
none,google,informative,has_emoji,-0.5941568702194865,0.06327653282249442
none,google,informative,has_hashtag,-0.4036394695662629,2.8336694234506875e-05
none,google,informative,has_mention,-0.7168349631648064,1.210285218945009e-16
none,google,informative,has_url,0.9742222315916801,7.429485023319661e-25
none,google,controversial,user_followers_count,0.34677561822993214,2.7896604546189396e-07
none,google,controversial,user_friends_count,-0.08443971496226475,0.115344201938303
none,google,controversial,user_statuses_count,-0.25532728774587854,2.4384542741133383e-05
none,google,controversial,user_favourites_count,-0.13597058408844573,0.011695450999203279
none,google,controversial,favorite_count,-0.27778945718500764,3.4666592300516236e-06
none,google,controversial,retweet_count,0.16247779860275965,0.0005561468441796711
none,google,controversial,avg_word_length,-0.1312453548674232,0.03136416963621784
none,google,controversial,text_length,0.37879025565514657,4.654835390110712e-21
none,google,controversial,sentiment_polarity,-0.28773479099555754,7.113665863105983e-12
none,google,controversial,sentiment_subjectivity,0.04622781976542729,0.31395806375119073
none,google,controversial,polarization_score,1.0195308441134288,1.028001541095412e-117
none,google,controversial,toxicity,-0.01793131143172607,0.6194336170380248
none,google,controversial,has_emoji,-0.998279641477783,0.0038095924309437266
none,google,controversial,has_hashtag,-0.23639350137586196,0.020922599098396718
none,google,controversial,has_mention,-0.7387286101422246,3.586804540656529e-16
none,google,controversial,has_url,-0.20725309196126118,0.017488951066801157
none,google,neutral,user_followers_count,0.3092529104361648,2.009792798273954e-06
none,google,neutral,user_friends_count,-0.11521698559057182,0.03166833747472803
none,google,neutral,user_statuses_count,-0.1593101548164301,0.003983898051130217
none,google,neutral,user_favourites_count,-0.08858625899175986,0.08111073628311731
none,google,neutral,favorite_count,-0.23530113867297248,2.6573252997575775e-05
none,google,neutral,retweet_count,0.177925006382553,0.00010062196314375667
none,google,neutral,avg_word_length,-0.22129243565319331,0.0010561728647678931
none,google,neutral,text_length,0.34327208448056207,2.6282800597530058e-20
none,google,neutral,sentiment_polarity,-0.2957366232889369,4.015578047823529e-14
none,google,neutral,sentiment_subjectivity,0.22258740294830462,1.182954281375542e-07
none,google,neutral,polarization_score,0.6864234536734969,9.603332141554366e-68
none,google,neutral,toxicity,-0.04540810675965612,0.22111148331072694
none,google,neutral,has_emoji,-0.7146440401547827,0.01918228982772665
none,google,neutral,has_hashtag,-0.046932047872122074,0.6032434463513181
none,google,neutral,has_mention,-0.6141537942282419,4.745482422019066e-13
none,google,neutral,has_url,0.35733921247168543,3.0133620097976606e-05
author,anthropic,general,user_followers_count,0.4834004552617958,3.239420916072456e-15
author,anthropic,general,user_friends_count,-0.04026983834424065,0.44102164436472524
author,anthropic,general,user_statuses_count,-0.2331406603010712,3.162654773380114e-05
author,anthropic,general,user_favourites_count,-0.11842528779101329,0.021029494196250508
author,anthropic,general,favorite_count,0.004602795778494405,0.924662334074515
author,anthropic,general,retweet_count,0.030880352243126977,0.50005644094289
author,anthropic,general,avg_word_length,-0.20405656897334423,0.001528136036453479
author,anthropic,general,text_length,0.36929400600621126,8.742891940189595e-24
author,anthropic,general,sentiment_polarity,-0.23031321108328123,1.3197535328531091e-08
author,anthropic,general,sentiment_subjectivity,0.03667637600223083,0.39834555091473656
author,anthropic,general,polarization_score,0.30792690522240196,1.2021805372066403e-14
author,anthropic,general,toxicity,-0.1679271119376121,8.99425861948361e-05
author,anthropic,general,has_emoji,-0.20522264075828325,0.40025746122997174
author,anthropic,general,has_hashtag,-0.4985953297150255,1.33088376692857e-07
author,anthropic,general,has_mention,-1.2906641865291135,5.500024386839622e-46
author,anthropic,general,has_url,-0.1791329394826449,0.029925537249351146
author,anthropic,popular,user_followers_count,0.4485686410385643,1.6767394908485795e-13
author,anthropic,popular,user_friends_count,-0.05088465777666471,0.3387738318687814
author,anthropic,popular,user_statuses_count,-0.27432861334480113,4.888558381869055e-07
author,anthropic,popular,user_favourites_count,0.1617986651949051,0.001327383474629214
author,anthropic,popular,favorite_count,0.1350816292988539,0.0030083066394671456
author,anthropic,popular,retweet_count,-0.0776356558284177,0.05150452319431539
author,anthropic,popular,avg_word_length,-0.28700115394748854,4.13648228478527e-06
author,anthropic,popular,text_length,0.37053273494635847,2.1066066252361954e-22
author,anthropic,popular,sentiment_polarity,-0.11533211927723844,0.005306743846826183
author,anthropic,popular,sentiment_subjectivity,0.11668037268228326,0.0052287419141675345
author,anthropic,popular,polarization_score,0.06212131676828987,0.13157245809736048
author,anthropic,popular,toxicity,-0.03811590509676461,0.32769599947262706
author,anthropic,popular,has_emoji,0.22752995270050214,0.23714485636097404
author,anthropic,popular,has_hashtag,-0.4260401403515749,1.203945982488433e-05
author,anthropic,popular,has_mention,-1.5762503579488334,4.3117456674318726e-66
author,anthropic,popular,has_url,-0.8953989949183381,1.7433754758783832e-28
author,anthropic,engaging,user_followers_count,0.5336509282650158,5.832958510960673e-19
author,anthropic,engaging,user_friends_count,-0.14569697810135535,0.00407795158921152
author,anthropic,engaging,user_statuses_count,-0.22138795245757606,7.846572176797686e-05
author,anthropic,engaging,user_favourites_count,0.061060198680196444,0.23201781402992083
author,anthropic,engaging,favorite_count,0.033331816786347786,0.466170793316381
author,anthropic,engaging,retweet_count,0.0013492628486683293,0.9725091924654391
author,anthropic,engaging,avg_word_length,-0.3025779781429152,1.1162392339281242e-06
author,anthropic,engaging,text_length,0.3119173243484439,7.551484690964391e-19
author,anthropic,engaging,sentiment_polarity,-0.2226142038654736,1.3449154521567135e-08
author,anthropic,engaging,sentiment_subjectivity,0.08716778352550693,0.03674179956231607
author,anthropic,engaging,polarization_score,0.2852774317736477,1.63854485784443e-13
author,anthropic,engaging,toxicity,0.013352406888131661,0.7103065654488848
author,anthropic,engaging,has_emoji,-0.5595835497917743,0.02242271925469983
author,anthropic,engaging,has_hashtag,-0.04210475125353299,0.640392306326594
author,anthropic,engaging,has_mention,-1.0104901975812413,2.584377349099497e-32
author,anthropic,engaging,has_url,-0.44514204989510836,3.0549458184690106e-08
author,anthropic,informative,user_followers_count,0.47166062542466275,2.370120851574146e-14
author,anthropic,informative,user_friends_count,-0.09602897318656134,0.06504211018197384
author,anthropic,informative,user_statuses_count,-0.1529742944668797,0.005504842246317414
author,anthropic,informative,user_favourites_count,-0.24230563272030317,2.1125606246072856e-06
author,anthropic,informative,favorite_count,-0.11241911486902303,0.04257815465047443
author,anthropic,informative,retweet_count,-0.034625955140366586,0.5127395095878742
author,anthropic,informative,avg_word_length,0.1076551760735661,0.06674605261664415
author,anthropic,informative,text_length,0.5425574849466861,3.891436579441028e-41
author,anthropic,informative,sentiment_polarity,-0.1369540842180666,0.0013030510619030282
author,anthropic,informative,sentiment_subjectivity,-0.13755613686009635,0.0033210450049715517
author,anthropic,informative,polarization_score,0.6854524568202188,1.2974846857840983e-65
author,anthropic,informative,toxicity,-0.35941372910953934,4.992470045744236e-10
author,anthropic,informative,has_emoji,-2.0045744833464347,0.0007058352447641363
author,anthropic,informative,has_hashtag,-0.7169032811236767,1.2920832418360555e-12
author,anthropic,informative,has_mention,-0.9007772688341472,2.4474147005923032e-24
author,anthropic,informative,has_url,0.4827859116555705,3.996097827852256e-08
author,anthropic,controversial,user_followers_count,0.3890469836848635,1.99415358140128e-08
author,anthropic,controversial,user_friends_count,-0.127337776885503,0.031524822497291896
author,anthropic,controversial,user_statuses_count,-0.3720342898253831,2.8772090809371918e-09
author,anthropic,controversial,user_favourites_count,0.024006350790839234,0.6808877636987916
author,anthropic,controversial,favorite_count,-0.06333382807463704,0.22351629688490715
author,anthropic,controversial,retweet_count,-0.08622515773066979,0.07713864356773377
author,anthropic,controversial,avg_word_length,-0.29242425251645077,1.7472248088436528e-05
author,anthropic,controversial,text_length,0.5673807189857001,1.3999330837342657e-46
author,anthropic,controversial,sentiment_polarity,-0.2911471215880127,3.674839822945452e-12
author,anthropic,controversial,sentiment_subjectivity,0.0013142371192197508,0.9779080645409723
author,anthropic,controversial,polarization_score,1.030692381866441,1.1716373965542577e-117
author,anthropic,controversial,toxicity,-0.16338261320277037,2.327703387255306e-05
author,anthropic,controversial,has_emoji,-1.6923634403786627,0.00011897061041596853
author,anthropic,controversial,has_hashtag,-0.43000605713309725,0.00013434551648772283
author,anthropic,controversial,has_mention,-0.9442090300788367,3.7341300895145715e-23
author,anthropic,controversial,has_url,-0.8771903043283529,7.689738066215952e-23
author,anthropic,neutral,user_followers_count,0.6091597954738026,1.9965214276960936e-25
author,anthropic,neutral,user_friends_count,-0.06148791788189826,0.23174319502135643
author,anthropic,neutral,user_statuses_count,-0.27360362396631877,9.213649332273876e-07
author,anthropic,neutral,user_favourites_count,0.07094932671824283,0.17138960372120593
author,anthropic,neutral,favorite_count,0.01763665836922641,0.6968131564935978
author,anthropic,neutral,retweet_count,0.07558408904269354,0.05380805106571598
author,anthropic,neutral,avg_word_length,-0.17043643653693358,0.0035199841108333454
author,anthropic,neutral,text_length,0.35974269330749437,6.794860371660898e-23
author,anthropic,neutral,sentiment_polarity,-0.1987737634929117,7.207436579085406e-07
author,anthropic,neutral,sentiment_subjectivity,0.13820894536002434,0.0008526718181158138
author,anthropic,neutral,polarization_score,0.292104832905604,9.8605358950439e-14
author,anthropic,neutral,toxicity,-0.28031571113875964,1.595683568631988e-08
author,anthropic,neutral,has_emoji,-0.22532784332587227,0.274262010750416
author,anthropic,neutral,has_hashtag,-0.3207591922670685,0.0007128563276774199
author,anthropic,neutral,has_mention,-1.1315645069840143,5.910772302302716e-39
author,anthropic,neutral,has_url,-0.2532415661936972,0.0018174889771014214
author,openai,general,user_followers_count,0.2494548060806816,3.2070263118995304e-05
author,openai,general,user_friends_count,0.12336606519872534,0.023716361303024232
author,openai,general,user_statuses_count,-0.0759653267979351,0.14887359491439922
author,openai,general,user_favourites_count,0.07894032345160287,0.11206750605366568
author,openai,general,favorite_count,-0.11155362102739509,0.0194773935571693
author,openai,general,retweet_count,0.020701446075139584,0.6029354491283468
author,openai,general,avg_word_length,-0.09774726235119954,0.04750713753572512
author,openai,general,text_length,0.1994422891240782,2.327573047646542e-08
author,openai,general,sentiment_polarity,-0.09416830283899229,0.016402969396642805
author,openai,general,sentiment_subjectivity,0.13765091056628054,0.0004170673724523053
author,openai,general,polarization_score,0.2851184402490618,7.726751688753442e-14
author,openai,general,toxicity,-0.13004760735953028,0.0015484118085457605
author,openai,general,has_emoji,-0.34226842602818547,0.12826324287567026
author,openai,general,has_hashtag,0.04063832518965181,0.6403125308198
author,openai,general,has_mention,-0.44969713252314203,2.787806727917904e-08
author,openai,general,has_url,0.1742112698699919,0.032570192322433286
author,openai,popular,user_followers_count,0.31029854385560174,1.6532304345771024e-07
author,openai,popular,user_friends_count,0.06699488938591008,0.22815683292115874
author,openai,popular,user_statuses_count,-0.15152523911739801,0.0049288556817474235
author,openai,popular,user_favourites_count,0.2353295439109636,3.782072179724359e-06
author,openai,popular,favorite_count,-0.12214296605741477,0.011936980814713042
author,openai,popular,retweet_count,0.04107450123054164,0.31989892797807684
author,openai,popular,avg_word_length,-0.10839701969362046,0.01816042446271292
author,openai,popular,text_length,0.09813500465603263,0.005591808600953555
author,openai,popular,sentiment_polarity,0.03470290915348982,0.3741389458028087
author,openai,popular,sentiment_subjectivity,0.16315524314230184,1.1448309735535423e-05
author,openai,popular,polarization_score,0.16318872693752814,1.7220246713693364e-05
author,openai,popular,toxicity,0.05126297130105132,0.13216890591221778
author,openai,popular,has_emoji,-0.3665530351438261,0.07360681783712034
author,openai,popular,has_hashtag,0.29392512878759325,0.0006057191867482142
author,openai,popular,has_mention,-0.43538369972475616,4.578156797749681e-08
author,openai,popular,has_url,-0.16700958392143198,0.03391768117543188
author,openai,engaging,user_followers_count,0.21979649644342777,0.0005631736640157659
author,openai,engaging,user_friends_count,0.022304141720572348,0.6931154643835197
author,openai,engaging,user_statuses_count,-0.12733616040789025,0.021803019841306254
author,openai,engaging,user_favourites_count,0.32662383660190714,1.3435779048987418e-09
author,openai,engaging,favorite_count,-0.10723201760419673,0.020417570934201972
author,openai,engaging,retweet_count,-0.0166101261717408,0.7072934445809849
author,openai,engaging,avg_word_length,-0.14492640540051227,0.0013627515974504554
author,openai,engaging,text_length,0.05793235510616971,0.0909755343938034
author,openai,engaging,sentiment_polarity,-0.038428117057455705,0.3306052268403722
author,openai,engaging,sentiment_subjectivity,0.07609150556090818,0.04479734653390303
author,openai,engaging,polarization_score,0.1747165578750569,3.95595555884724e-06
author,openai,engaging,toxicity,-0.05721071329758464,0.12085407304535536
author,openai,engaging,has_emoji,-0.06494321117953118,0.7182692645894935
author,openai,engaging,has_hashtag,0.38056960222072805,1.5563420668213947e-05
author,openai,engaging,has_mention,-0.37252745086520517,6.735018017940008e-06
author,openai,engaging,has_url,-0.3056004535538341,0.00013137326617769832
author,openai,informative,user_followers_count,0.3564680119496205,6.0629265122163e-09
author,openai,informative,user_friends_count,0.02138153838036879,0.6958130397462516
author,openai,informative,user_statuses_count,-0.16906767101344397,0.002212230761553571
author,openai,informative,user_favourites_count,-0.22490549822674655,1.7444162839673594e-05
author,openai,informative,favorite_count,-0.1235220862601272,0.011301298898823458
author,openai,informative,retweet_count,0.06965947956924193,0.07300653906749029
author,openai,informative,avg_word_length,0.05390111463452643,0.28329413296991657
author,openai,informative,text_length,0.3461721073797529,6.930401851418216e-21
author,openai,informative,sentiment_polarity,-0.12956162893700876,0.0020164361183532312
author,openai,informative,sentiment_subjectivity,0.005895703104127089,0.8946143441065751
author,openai,informative,polarization_score,0.7863407916637456,1.0623040793371667e-79
author,openai,informative,toxicity,-0.30382558418648037,3.1989253510422732e-09
author,openai,informative,has_emoji,0.2285346872385005,0.29238899425681475
author,openai,informative,has_hashtag,-0.2963902813885142,0.0023279148527610124
author,openai,informative,has_mention,-0.7242120705521091,8.222055542267373e-17
author,openai,informative,has_url,0.6420256002157031,1.3435197679108422e-12
author,openai,controversial,user_followers_count,0.34038582001849044,4.488393019028544e-07
author,openai,controversial,user_friends_count,-0.06289340172340259,0.27460540793290134
author,openai,controversial,user_statuses_count,-0.24528158073459108,3.7374615590812285e-05
author,openai,controversial,user_favourites_count,-0.06413773339823005,0.24727143548250474
author,openai,controversial,favorite_count,-0.2864958190882337,7.46240564682728e-07
author,openai,controversial,retweet_count,0.1303034594725901,0.0058322469198983625
author,openai,controversial,avg_word_length,-0.10393564062497253,0.08120847490459783
author,openai,controversial,text_length,0.3911409943499451,8.150115478953024e-24
author,openai,controversial,sentiment_polarity,-0.3130783462555919,6.402385957372985e-15
author,openai,controversial,sentiment_subjectivity,0.12677904861192676,0.0039334283202308125
author,openai,controversial,polarization_score,0.957875487346721,1.9262202694386822e-110
author,openai,controversial,toxicity,-0.10068676379616118,0.006839068667904078
author,openai,controversial,has_emoji,-0.12250592784653089,0.6363840503515762
author,openai,controversial,has_hashtag,-0.20394190159264627,0.054540902728184404
author,openai,controversial,has_mention,-0.48297779854577233,5.7219829295679185e-08
author,openai,controversial,has_url,-0.03648233135427208,0.6745403617413805
author,openai,neutral,user_followers_count,0.14433095556582218,0.025074273184582836
author,openai,neutral,user_friends_count,0.11794623905362218,0.03719475515928066
author,openai,neutral,user_statuses_count,-0.12586301048784362,0.021124494858800635
author,openai,neutral,user_favourites_count,0.1775739068801586,0.0005179792116486025
author,openai,neutral,favorite_count,-0.26377817676819676,7.239860661134112e-07
author,openai,neutral,retweet_count,0.130633346825298,0.0032072544275970646
author,openai,neutral,avg_word_length,-0.0771290236164359,0.08769505912886463
author,openai,neutral,text_length,0.13979176017089096,3.129113405210102e-05
author,openai,neutral,sentiment_polarity,-0.01967694764860145,0.616609854544522
author,openai,neutral,sentiment_subjectivity,0.11634922422028818,0.0023518952854416565
author,openai,neutral,polarization_score,0.2314127640378607,7.537853728201652e-10
author,openai,neutral,toxicity,-0.005728583926757329,0.8711823417211575
author,openai,neutral,has_emoji,-0.2124607821571119,0.2941330637632046
author,openai,neutral,has_hashtag,0.14502489022910597,0.09670308313309355
author,openai,neutral,has_mention,-0.24811753911719092,0.0021494259828495834
author,openai,neutral,has_url,-0.1743614568938279,0.030238518510614043
author,google,general,user_followers_count,0.4080711260082064,1.1005035585713787e-11
author,google,general,user_friends_count,-0.022875892288686552,0.6683198531100873
author,google,general,user_statuses_count,-0.10365414857417632,0.06484239573295077
author,google,general,user_favourites_count,-0.0118186273735765,0.8169074077651779
author,google,general,favorite_count,-0.14060193243709837,0.006750348001028834
author,google,general,retweet_count,0.1268116932354975,0.002154046505244132
author,google,general,avg_word_length,-0.20665551656936357,0.00024340796425645933
author,google,general,text_length,0.1144952714538827,0.0005660505840331415
author,google,general,sentiment_polarity,-0.20473145766569445,5.914653619474882e-07
author,google,general,sentiment_subjectivity,0.19752527174712667,7.627878503345451e-07
author,google,general,polarization_score,0.08173775571383124,0.04604452092055265
author,google,general,toxicity,-0.11047197969086625,0.01150615808055663
author,google,general,has_emoji,0.19858771204713593,0.28110480903486623
author,google,general,has_hashtag,-0.11243941363069944,0.2203066973342439
author,google,general,has_mention,-1.0597611416639283,3.572933836114259e-32
author,google,general,has_url,-0.09836288925776969,0.23563497698644442
author,google,popular,user_followers_count,0.2727243864898257,2.3913349566877285e-06
author,google,popular,user_friends_count,-0.03852940827558461,0.4717880117260229
author,google,popular,user_statuses_count,-0.17010429435322552,0.0017391942617518514
author,google,popular,user_favourites_count,0.19900132298497422,9.931450592918215e-05
author,google,popular,favorite_count,-0.06493652330180424,0.16030700989568247
author,google,popular,retweet_count,0.10686940580774285,0.004812818906809804
author,google,popular,avg_word_length,-0.09824019893501927,0.02758828382227287
author,google,popular,text_length,0.05264880805164643,0.15280644505358942
author,google,popular,sentiment_polarity,-0.16046035006434373,8.406471194891084e-05
author,google,popular,sentiment_subjectivity,0.04877971618372543,0.20182168483744523
author,google,popular,polarization_score,0.02610930291119213,0.5090473385727041
author,google,popular,toxicity,-0.05061089226557559,0.17676099244516408
author,google,popular,has_emoji,0.33923735003896793,0.04087999866713817
author,google,popular,has_hashtag,-0.3191692385369011,0.0012016988142736374
author,google,popular,has_mention,-1.02883297766794,9.435458930626548e-34
author,google,popular,has_url,-0.3359922290904769,2.7297328900567852e-05
author,google,engaging,user_followers_count,0.2638891560076169,2.6615423494683415e-05
author,google,engaging,user_friends_count,0.015909579325767562,0.7763396901071413
author,google,engaging,user_statuses_count,-0.2604179001091766,3.759507254117387e-06
author,google,engaging,user_favourites_count,0.19070918424903185,0.00029916134316461526
author,google,engaging,favorite_count,-0.00166775291201661,0.9719652853302785
author,google,engaging,retweet_count,0.05089015545347691,0.2308808335033966
author,google,engaging,avg_word_length,-0.23771953821430108,3.7697260793760237e-06
author,google,engaging,text_length,0.02418370254839364,0.5196795062063368
author,google,engaging,sentiment_polarity,-0.0864207274940998,0.032938254004886806
author,google,engaging,sentiment_subjectivity,0.08336891609567865,0.029949332220233854
author,google,engaging,polarization_score,0.19901591267402077,3.244973021833031e-07
author,google,engaging,toxicity,0.055630650867765044,0.09259114775148496
author,google,engaging,has_emoji,0.11340098636113473,0.5079079860647904
author,google,engaging,has_hashtag,0.06117287970484561,0.5203977000679443
author,google,engaging,has_mention,-0.7011593541577521,2.695352270267642e-16
author,google,engaging,has_url,-0.6211123858919987,1.5479078429594605e-14
author,google,informative,user_followers_count,0.358859769682885,2.761378585929102e-10
author,google,informative,user_friends_count,-0.022009971082577698,0.6413435065909037
author,google,informative,user_statuses_count,-0.04377890644048884,0.39807829919866977
author,google,informative,user_favourites_count,-0.23557565457096266,1.390692369283082e-06
author,google,informative,favorite_count,-0.13120349954635302,0.007100104945668033
author,google,informative,retweet_count,0.07332163315572725,0.05976657476048205
author,google,informative,avg_word_length,0.08747532279157859,0.12055313722324175
author,google,informative,text_length,0.3368060238200461,1.339610530041001e-16
author,google,informative,sentiment_polarity,-0.2377179426476626,1.4490643969008885e-08
author,google,informative,sentiment_subjectivity,-0.04668363452864586,0.28397694469401524
author,google,informative,polarization_score,0.3920342528583545,5.061662161234884e-23
author,google,informative,toxicity,-0.2581913983163226,5.7399742459020034e-06
author,google,informative,has_emoji,-0.9753578287189477,0.0024179747768894922
author,google,informative,has_hashtag,-0.25591777419008493,0.004000969478276156
author,google,informative,has_mention,-0.6651478366315323,3.1346868657920328e-15
author,google,informative,has_url,0.9882627947604751,1.4699606235178948e-26
author,google,controversial,user_followers_count,0.37572846605863025,1.6280858158373413e-08
author,google,controversial,user_friends_count,0.0141418862646984,0.8120620526239738
author,google,controversial,user_statuses_count,-0.22950114365843438,8.825104892927431e-05
author,google,controversial,user_favourites_count,-0.056171872321874684,0.3057331838366222
author,google,controversial,favorite_count,-0.18997515658648828,0.0004122655244270475
author,google,controversial,retweet_count,0.07291803036469245,0.10530149800440351
author,google,controversial,avg_word_length,-0.29735573048003644,4.610977588611958e-06
author,google,controversial,text_length,0.29949118853975826,9.426222687749521e-17
author,google,controversial,sentiment_polarity,-0.2089487656617095,2.5012912554805925e-07
author,google,controversial,sentiment_subjectivity,0.1272999101778165,0.004617893289677942
author,google,controversial,polarization_score,0.9105191968726045,4.795785096953051e-96
author,google,controversial,toxicity,0.005445071552540583,0.8782338888966513
author,google,controversial,has_emoji,-1.389327197768149,5.74212993692273e-05
author,google,controversial,has_hashtag,-0.2250506208055383,0.03533651875824453
author,google,controversial,has_mention,-0.8570907341892364,2.337959151254236e-20
author,google,controversial,has_url,-0.3148892703947589,0.0002984611997643614
author,google,neutral,user_followers_count,0.41493764405347383,1.343478281611135e-12
author,google,neutral,user_friends_count,-0.04635969937668406,0.34637228124845443
author,google,neutral,user_statuses_count,-0.16315360410895557,0.002439927522271962
author,google,neutral,user_favourites_count,0.24336998437848145,3.1714190875072623e-06
author,google,neutral,favorite_count,-0.13736088525600723,0.0016235698165812846
author,google,neutral,retweet_count,0.11285584730146593,0.00472209826281744
author,google,neutral,avg_word_length,-0.10892578952727093,0.01915023412102211
author,google,neutral,text_length,0.13124229277579144,8.871266441376035e-05
author,google,neutral,sentiment_polarity,-0.0700015584621962,0.07653150934808342
author,google,neutral,sentiment_subjectivity,0.056887758445146486,0.14256743793060692
author,google,neutral,polarization_score,0.07338719717923933,0.05416183210414834
author,google,neutral,toxicity,-0.08570078986076039,0.025853451394677502
author,google,neutral,has_emoji,-0.5822698376341403,0.005694770633502285
author,google,neutral,has_hashtag,-0.1264805847917977,0.16409836873865502
author,google,neutral,has_mention,-0.5044338787850838,5.287559699847399e-10
author,google,neutral,has_url,-0.2658029547271305,0.0007802707170035231
post,anthropic,general,user_followers_count,0.3512094969035937,4.743550696932907e-08
post,anthropic,general,user_friends_count,-0.09351314287080266,0.09419565338822264
post,anthropic,general,user_statuses_count,-0.11389519629048196,0.05185300419949131
post,anthropic,general,user_favourites_count,-0.04182199661163094,0.4409793228598464
post,anthropic,general,favorite_count,0.21871896438492971,1.2291969975281632e-07
post,anthropic,general,retweet_count,0.13616508682753695,0.0014958000704087702
post,anthropic,general,avg_word_length,-0.19329411481421124,0.0021012043264922106
post,anthropic,general,text_length,0.4215477279414752,1.7902183519778577e-28
post,anthropic,general,sentiment_polarity,-0.2641993455044805,2.21969124810021e-10
post,anthropic,general,sentiment_subjectivity,-0.013154908432476206,0.7645193370770426
post,anthropic,general,polarization_score,0.17456954945467304,2.195173695149569e-05
post,anthropic,general,toxicity,-0.16826473379054047,0.000266104897548938
post,anthropic,general,has_emoji,-0.3336779737772773,0.1325640163097567
post,anthropic,general,has_hashtag,-0.6290099737306818,1.5465266877490964e-09
post,anthropic,general,has_mention,-1.525597991812416,1.1592561375094931e-59
post,anthropic,general,has_url,-0.3719587631756909,1.35793339023943e-05
post,anthropic,popular,user_followers_count,0.1853981295514146,0.0031279712163348804
post,anthropic,popular,user_friends_count,-0.023734408436310608,0.6683887197523986
post,anthropic,popular,user_statuses_count,-0.15595745713204104,0.0056924827557117905
post,anthropic,popular,user_favourites_count,0.028736531481934124,0.5863415959225211
post,anthropic,popular,favorite_count,0.19951095354335013,8.857910466687621e-06
post,anthropic,popular,retweet_count,0.36600534929524925,8.201882577434352e-13
post,anthropic,popular,avg_word_length,-0.46536274048035536,4.19642277797283e-11
post,anthropic,popular,text_length,0.23554953275198512,3.7038534980451237e-10
post,anthropic,popular,sentiment_polarity,-0.22770810056779156,1.1282649416392306e-08
post,anthropic,popular,sentiment_subjectivity,0.09235468078081686,0.02724735398669761
post,anthropic,popular,polarization_score,0.12963378522648394,0.0019593685447846496
post,anthropic,popular,toxicity,0.007698283696434204,0.830155514249454
post,anthropic,popular,has_emoji,0.35869347886084063,0.08393833298297422
post,anthropic,popular,has_hashtag,-0.4091126326420926,2.923126837815232e-05
post,anthropic,popular,has_mention,-1.387340180982236,4.0873632615646194e-49
post,anthropic,popular,has_url,-0.9756998952973185,8.586444594346098e-31
post,anthropic,engaging,user_followers_count,0.049484530503878355,0.46711751735527574
post,anthropic,engaging,user_friends_count,0.060117282239920924,0.32550906948566305
post,anthropic,engaging,user_statuses_count,-0.29572353286781855,5.559138948237679e-07
post,anthropic,engaging,user_favourites_count,0.04307060935723526,0.4304797280752489
post,anthropic,engaging,favorite_count,0.3214798006970218,1.585423754889417e-14
post,anthropic,engaging,retweet_count,0.6070559600463926,1.0396862297184116e-28
post,anthropic,engaging,avg_word_length,-0.34711701967300895,1.4767031971280453e-07
post,anthropic,engaging,text_length,0.3430811630507398,2.078386151215915e-20
post,anthropic,engaging,sentiment_polarity,-0.1362330656348536,0.0007407898761025775
post,anthropic,engaging,sentiment_subjectivity,0.15494444958521109,0.0003011082662245114
post,anthropic,engaging,polarization_score,0.23509175917282912,2.631066188141393e-08
post,anthropic,engaging,toxicity,0.05482828264640148,0.1363133112216667
post,anthropic,engaging,has_emoji,-0.31291520334363415,0.16365925716130036
post,anthropic,engaging,has_hashtag,-0.3854032896237172,0.0002654636279064065
post,anthropic,engaging,has_mention,-1.2540667807463615,3.8003365444501155e-41
post,anthropic,engaging,has_url,-0.8550226965337441,2.6443575560215962e-23
post,anthropic,informative,user_followers_count,0.4369661924151507,3.245099552939912e-12
post,anthropic,informative,user_friends_count,-0.023847034100231642,0.6619282701579164
post,anthropic,informative,user_statuses_count,-0.2224268000879798,6.597249067312673e-05
post,anthropic,informative,user_favourites_count,-0.356555431043246,2.087596007097539e-12
post,anthropic,informative,favorite_count,-0.19335820793471434,0.00020504278964465994
post,anthropic,informative,retweet_count,0.18982165337636572,1.7279617872847475e-05
post,anthropic,informative,avg_word_length,0.05698021829149759,0.3112801803146914
post,anthropic,informative,text_length,0.5055784092142446,1.047363720624239e-40
post,anthropic,informative,sentiment_polarity,-0.16230530823398526,0.00020198961674715163
post,anthropic,informative,sentiment_subjectivity,-0.05974617176251389,0.20540635958001408
post,anthropic,informative,polarization_score,0.6717213272394991,4.1900130317888383e-60
post,anthropic,informative,toxicity,-0.47488431490149596,4.3304634441806403e-13
post,anthropic,informative,has_emoji,-0.6427370557821018,0.022997431324332414
post,anthropic,informative,has_hashtag,-0.6707876959971798,4.655580878675869e-11
post,anthropic,informative,has_mention,-0.8049987389967052,7.501598526927569e-20
post,anthropic,informative,has_url,0.43234091831822563,8.235562918265432e-07
post,anthropic,controversial,user_followers_count,0.29776369765651334,1.868083078011445e-05
post,anthropic,controversial,user_friends_count,-0.09217851633551895,0.123828262726911
post,anthropic,controversial,user_statuses_count,-0.21851349673508344,0.00047594327110756185
post,anthropic,controversial,user_favourites_count,-0.06046064324818552,0.299468764858287
post,anthropic,controversial,favorite_count,-0.15400822439480788,0.003998120491020297
post,anthropic,controversial,retweet_count,0.20879068297559705,3.263450634187894e-05
post,anthropic,controversial,avg_word_length,-0.1874789672832578,0.008081330132745979
post,anthropic,controversial,text_length,0.649323527773964,2.2001049917356606e-52
post,anthropic,controversial,sentiment_polarity,-0.3359848175756632,5.205739846284338e-15
post,anthropic,controversial,sentiment_subjectivity,-0.046871964219224405,0.3392010481813643
post,anthropic,controversial,polarization_score,1.0486668521211036,2.8823767191053727e-121
post,anthropic,controversial,toxicity,-0.11592084364800082,0.00353824533626756
post,anthropic,controversial,has_emoji,-1.5936519741288424,0.0002372040653820681
post,anthropic,controversial,has_hashtag,-0.6872879171313442,6.137652517696654e-10
post,anthropic,controversial,has_mention,-1.213590585924084,1.5522252306663046e-35
post,anthropic,controversial,has_url,-0.6870463400510455,1.946010974494102e-14
post,anthropic,neutral,user_followers_count,0.4656356229003154,2.8877699735293297e-12
post,anthropic,neutral,user_friends_count,-0.11595834218434509,0.034968762790723903
post,anthropic,neutral,user_statuses_count,-0.503972493461222,1.6431727848939484e-16
post,anthropic,neutral,user_favourites_count,0.10873198121534099,0.04905781835823322
post,anthropic,neutral,favorite_count,0.29886316657524803,3.016191948702126e-12
post,anthropic,neutral,retweet_count,0.8812390482811701,3.048487842262948e-54
post,anthropic,neutral,avg_word_length,-0.18888264821821646,0.0016587032409779265
post,anthropic,neutral,text_length,0.3286810080916548,1.44688666477205e-18
post,anthropic,neutral,sentiment_polarity,-0.02664920031050751,0.5398108683979956
post,anthropic,neutral,sentiment_subjectivity,0.1254950259196704,0.004425387564074964
post,anthropic,neutral,polarization_score,0.31437854467030574,1.7985240919324842e-14
post,anthropic,neutral,toxicity,-0.15723867179225068,0.0007253837887118404
post,anthropic,neutral,has_emoji,-0.5669594418897305,0.01935201548855507
post,anthropic,neutral,has_hashtag,-0.22506094456190437,0.022826753654619697
post,anthropic,neutral,has_mention,-1.0380805148911405,4.4525623743451474e-30
post,anthropic,neutral,has_url,-0.4593051749876831,7.889043882957334e-08
post,openai,general,user_followers_count,0.19643240898772107,0.0010975607594850497
post,openai,general,user_friends_count,0.04202497280228585,0.4179528966382712
post,openai,general,user_statuses_count,-0.1761611944118577,0.0012691178174189116
post,openai,general,user_favourites_count,-0.21278308730322706,2.1272122949584367e-05
post,openai,general,favorite_count,0.0023462719320745127,0.9581810519969663
post,openai,general,retweet_count,0.2342661863434795,1.1027853704508312e-08
post,openai,general,avg_word_length,-0.046329119302933576,0.40408457901132255
post,openai,general,text_length,0.42254736206235444,4.8611790548470917e-29
post,openai,general,sentiment_polarity,-0.11199731518857492,0.005105526726005705
post,openai,general,sentiment_subjectivity,0.1828332913305334,1.1885832196757319e-05
post,openai,general,polarization_score,0.32292015539840674,3.483877973050581e-16
post,openai,general,toxicity,-0.15774799542031676,0.0005230049114595042
post,openai,general,has_emoji,0.07775138398513176,0.7029632536021305
post,openai,general,has_hashtag,-0.005289444025544467,0.9529438700991584
post,openai,general,has_mention,-0.7298543069714453,8.364656666890099e-18
post,openai,general,has_url,0.24014583473144344,0.004479712068942365
post,openai,popular,user_followers_count,0.043626722908214774,0.46385427008711555
post,openai,popular,user_friends_count,0.11559651994754025,0.024950849458549716
post,openai,popular,user_statuses_count,-0.08680987404049698,0.10149472909898526
post,openai,popular,user_favourites_count,-0.1829457696283099,0.0002141208746903272
post,openai,popular,favorite_count,0.14637256159697667,0.001418296887235488
post,openai,popular,retweet_count,0.24167530827260778,4.4142575925400185e-08
post,openai,popular,avg_word_length,-0.05425061645973679,0.30848179830233546
post,openai,popular,text_length,0.31673085592007316,6.87673988986453e-16
post,openai,popular,sentiment_polarity,0.07790403010388033,0.06108114106591205
post,openai,popular,sentiment_subjectivity,0.14351340299050577,0.0006383241704616034
post,openai,popular,polarization_score,0.17333308238934475,1.065725929390145e-05
post,openai,popular,toxicity,0.05915674290233922,0.10754305844951335
post,openai,popular,has_emoji,0.24996671083181904,0.19800463211829578
post,openai,popular,has_hashtag,-0.015752686221897735,0.8559431578784529
post,openai,popular,has_mention,-0.5033551190530857,4.3653566065739153e-10
post,openai,popular,has_url,0.05997369003181616,0.46369878659219055
post,openai,engaging,user_followers_count,0.05215156225736208,0.4040018000095108
post,openai,engaging,user_friends_count,0.0958766221573293,0.086728080216682
post,openai,engaging,user_statuses_count,-0.11186251430123709,0.04334526877074326
post,openai,engaging,user_favourites_count,-0.2822763037510861,3.644248980681623e-08
post,openai,engaging,favorite_count,0.1749932235187348,2.386637169437258e-05
post,openai,engaging,retweet_count,0.2243923406980716,1.745700241100011e-07
post,openai,engaging,avg_word_length,-0.21618836269887326,0.00014551672256663353
post,openai,engaging,text_length,0.29886771096661197,5.4321108116395504e-17
post,openai,engaging,sentiment_polarity,0.03347034552140966,0.4038526832803331
post,openai,engaging,sentiment_subjectivity,0.192631055996765,5.772444525174076e-06
post,openai,engaging,polarization_score,0.32085615615107044,6.451147000276927e-16
post,openai,engaging,toxicity,-0.008394572765154646,0.8310480949744008
post,openai,engaging,has_emoji,0.5924966276371377,0.00029140806768536783
post,openai,engaging,has_hashtag,0.09366539134337248,0.300015095124873
post,openai,engaging,has_mention,-0.4251569717981135,4.752078765107061e-07
post,openai,engaging,has_url,0.09571802062061109,0.2524888011844022
post,openai,informative,user_followers_count,0.38913994525008755,5.520522508197281e-10
post,openai,informative,user_friends_count,-0.05466806719770389,0.2790304795990787
post,openai,informative,user_statuses_count,-0.17573345761925144,0.0013743070123702927
post,openai,informative,user_favourites_count,-0.3670123831622259,1.0064333517730896e-12
post,openai,informative,favorite_count,-0.07270250903529235,0.181348515884579
post,openai,informative,retweet_count,0.08808058613505976,0.03536149311282971
post,openai,informative,avg_word_length,0.028485705055051148,0.6224923624385484
post,openai,informative,text_length,0.42199154440075043,1.6311340087544942e-25
post,openai,informative,sentiment_polarity,-0.15016878715340073,0.000483470163114385
post,openai,informative,sentiment_subjectivity,-0.03587775259294748,0.443066179128782
post,openai,informative,polarization_score,0.8561604840290112,4.641678098929146e-93
post,openai,informative,toxicity,-0.3022251041978506,5.81995254439e-09
post,openai,informative,has_emoji,-0.9935095461076149,0.014168122891793348
post,openai,informative,has_hashtag,-0.4432629116135588,4.379062105282327e-06
post,openai,informative,has_mention,-0.8272612306367189,4.340836460653915e-21
post,openai,informative,has_url,0.46967765779830467,7.064080491076034e-08
post,openai,controversial,user_followers_count,0.30285509989742504,5.376897514283298e-06
post,openai,controversial,user_friends_count,-0.1428152065474547,0.009378050874936213
post,openai,controversial,user_statuses_count,-0.17872335415562524,0.0034098966048376656
post,openai,controversial,user_favourites_count,-0.1948418327984342,0.0006712470376793084
post,openai,controversial,favorite_count,-0.1453447804915265,0.008783135907993742
post,openai,controversial,retweet_count,0.2177984953098443,6.734583328341202e-06
post,openai,controversial,avg_word_length,-0.167036857825136,0.010019474503314377
post,openai,controversial,text_length,0.43462018746381154,1.5816895429971613e-28
post,openai,controversial,sentiment_polarity,-0.35503749859018396,3.607508006018755e-17
post,openai,controversial,sentiment_subjectivity,0.15520646684540088,0.0007544666772200336
post,openai,controversial,polarization_score,1.2265518673779512,2.7992882347028027e-145
post,openai,controversial,toxicity,-0.06154334835182307,0.09286516794909971
post,openai,controversial,has_emoji,-0.35189371196265473,0.2649458047336879
post,openai,controversial,has_hashtag,-0.12072619602344621,0.24403765685883527
post,openai,controversial,has_mention,-0.7016416517488118,9.101415359189715e-14
post,openai,controversial,has_url,-0.15784006149220783,0.07754875260659203
post,openai,neutral,user_followers_count,0.05109379073792844,0.42703397854014813
post,openai,neutral,user_friends_count,0.0825536290985481,0.15445560591110954
post,openai,neutral,user_statuses_count,-0.13253388299579552,0.014578791174512426
post,openai,neutral,user_favourites_count,-0.17779130479986283,0.0006753282715168721
post,openai,neutral,favorite_count,0.2093548173996275,3.069960862484601e-07
post,openai,neutral,retweet_count,0.3770011786183947,2.018434880518634e-17
post,openai,neutral,avg_word_length,-0.16612433747687794,0.003217761979745734
post,openai,neutral,text_length,0.36619070162034967,9.767283509846149e-24
post,openai,neutral,sentiment_polarity,-0.003518884332079669,0.9285888332130371
post,openai,neutral,sentiment_subjectivity,0.19350571307222364,3.1549659519847047e-06
post,openai,neutral,polarization_score,0.4884502974136468,1.4387044821022042e-35
post,openai,neutral,toxicity,-0.005789254677201744,0.8772920779240617
post,openai,neutral,has_emoji,0.3381281189149862,0.07924205370607865
post,openai,neutral,has_hashtag,0.06859039301443859,0.4501162266966078
post,openai,neutral,has_mention,-0.5234769983271866,3.628137276872285e-10
post,openai,neutral,has_url,-0.10744694626851538,0.192110004715903
post,google,general,user_followers_count,0.33142003322881625,6.875775064631128e-08
post,google,general,user_friends_count,-0.004125322136283774,0.9392043533051808
post,google,general,user_statuses_count,-0.21308341819085164,0.00010246059441617483
post,google,general,user_favourites_count,-0.10218339644633066,0.04784018240157913
post,google,general,favorite_count,0.04846699567802991,0.3059170243640794
post,google,general,retweet_count,0.2725389836350715,2.771399002495725e-09
post,google,general,avg_word_length,-0.1597962267904573,0.010902484370882004
post,google,general,text_length,0.2272244596767111,6.266604452690122e-09
post,google,general,sentiment_polarity,-0.16091686866181923,0.0001004178873482231
post,google,general,sentiment_subjectivity,0.14547946904479908,0.00048509188592804517
post,google,general,polarization_score,0.1583695709858169,0.00017467854312893413
post,google,general,toxicity,0.007404770240145257,0.8535288317949143
post,google,general,has_emoji,-0.1482096971232569,0.48861197716834115
post,google,general,has_hashtag,-0.37649076625797206,9.125370170196458e-05
post,google,general,has_mention,-1.398483273531812,3.9870026202832203e-50
post,google,general,has_url,0.06781911398619028,0.4282625393746877
post,google,popular,user_followers_count,0.08848680448840805,0.15669538649687986
post,google,popular,user_friends_count,0.06643306547451289,0.24697574445036374
post,google,popular,user_statuses_count,-0.08271481009943987,0.13038362149255558
post,google,popular,user_favourites_count,-0.11543418089540276,0.02242393849808314
post,google,popular,favorite_count,0.009050986915542503,0.8477557882563616
post,google,popular,retweet_count,0.2118121808300434,1.2580103008143312e-07
post,google,popular,avg_word_length,-0.16257082116444413,0.0028810918514211073
post,google,popular,text_length,0.1436400519611354,7.897247958323199e-05
post,google,popular,sentiment_polarity,-0.19024582181581684,1.723737524474805e-06
post,google,popular,sentiment_subjectivity,0.1587686664041427,3.302490342736102e-05
post,google,popular,polarization_score,0.11030930256143694,0.005883728367878228
post,google,popular,toxicity,0.04530041617744923,0.21122040739693104
post,google,popular,has_emoji,0.0854488157828082,0.6649286048361012
post,google,popular,has_hashtag,-0.028872868233523672,0.756666898878354
post,google,popular,has_mention,-0.890317569831449,6.808462754827832e-26
post,google,popular,has_url,-0.05963625460400859,0.46452559451786424
post,google,engaging,user_followers_count,0.14769915872120373,0.016843773373936558
post,google,engaging,user_friends_count,0.05826517385056618,0.29281255539280326
post,google,engaging,user_statuses_count,-0.16632605219543684,0.0026954723191004787
post,google,engaging,user_favourites_count,-0.12367568303700563,0.014491138303872822
post,google,engaging,favorite_count,0.03375158676326252,0.45259484899709956
post,google,engaging,retweet_count,0.27895179533356906,1.0020786071304148e-09
post,google,engaging,avg_word_length,-0.13932680931814792,0.004936247120607929
post,google,engaging,text_length,0.1567916509662167,1.7587441446563877e-05
post,google,engaging,sentiment_polarity,-0.18441611359891652,1.5289415883844593e-06
post,google,engaging,sentiment_subjectivity,0.15348874514379202,0.00011357653470687769
post,google,engaging,polarization_score,0.3609020255150587,5.631617738935548e-21
post,google,engaging,toxicity,0.07056276688224065,0.03520887201065488
post,google,engaging,has_emoji,0.09598523157783646,0.6157662740237733
post,google,engaging,has_hashtag,0.15793047083815698,0.07799897605851891
post,google,engaging,has_mention,-0.7774776864016006,6.4617975887738495e-21
post,google,engaging,has_url,-0.3126014039650416,8.862580841363157e-05
post,google,informative,user_followers_count,0.4558999867946758,7.630106468313779e-14
post,google,informative,user_friends_count,0.06718835421465938,0.2010438541364924
post,google,informative,user_statuses_count,-0.1727761127006993,0.0015677620119389638
post,google,informative,user_favourites_count,-0.31255602641473307,1.6690557184685952e-09
post,google,informative,favorite_count,-0.14093788140072788,0.004896692486801925
post,google,informative,retweet_count,0.13359551912133155,0.003088895983050532
post,google,informative,avg_word_length,-0.04878191785729487,0.3888694187016942
post,google,informative,text_length,0.35292739201950196,2.299838558170559e-19
post,google,informative,sentiment_polarity,-0.21183440639392762,1.0047106318083246e-06
post,google,informative,sentiment_subjectivity,-0.05122472456460956,0.25685835852551364
post,google,informative,polarization_score,0.6276820610665514,1.1721314758240371e-52
post,google,informative,toxicity,-0.4115976738644103,7.02895419206846e-10
post,google,informative,has_emoji,-0.4146679857759234,0.1807707777644365
post,google,informative,has_hashtag,-0.48644249651766475,6.989195839813077e-07
post,google,informative,has_mention,-0.6892216365071017,6.967133989369062e-16
post,google,informative,has_url,0.9496177582337965,9.02449684749514e-25
post,google,controversial,user_followers_count,0.28479994120845903,5.6298503295054174e-05
post,google,controversial,user_friends_count,-0.11404365466298602,0.05948411056115369
post,google,controversial,user_statuses_count,-0.2763809253985662,5.924413514209968e-06
post,google,controversial,user_favourites_count,-0.09861170393058341,0.09058332725154879
post,google,controversial,favorite_count,-0.21748969467072213,0.00020250147850291414
post,google,controversial,retweet_count,0.16791773100754256,0.0009021962469781089
post,google,controversial,avg_word_length,-0.15730393584460145,0.01998512404676963
post,google,controversial,text_length,0.4655258826946619,9.364217869376638e-29
post,google,controversial,sentiment_polarity,-0.3241922208969549,1.1508308957099203e-14
post,google,controversial,sentiment_subjectivity,0.11908911368462034,0.012938189604244118
post,google,controversial,polarization_score,1.1493325946355712,1.0109942115814784e-132
post,google,controversial,toxicity,-0.009319312047213618,0.7983880436986551
post,google,controversial,has_emoji,-2.2026378513523057,6.818390065967198e-06
post,google,controversial,has_hashtag,-0.0234546320442412,0.8211088511367546
post,google,controversial,has_mention,-0.9946334222336384,2.011930322323986e-25
post,google,controversial,has_url,-0.18234301168785327,0.040832687308897594
post,google,neutral,user_followers_count,0.2949275714473571,6.901278610218861e-06
post,google,neutral,user_friends_count,-0.12131669534721679,0.03288170273320835
post,google,neutral,user_statuses_count,-0.19233187242497413,0.0007635440147153338
post,google,neutral,user_favourites_count,-0.17775320619058682,0.0005938041489122892
post,google,neutral,favorite_count,0.16576364621145606,0.00035110391879376786
post,google,neutral,retweet_count,0.7512028613716624,5.593082134200126e-44
post,google,neutral,avg_word_length,-0.11669762393321575,0.0501895233651585
post,google,neutral,text_length,0.2793158058183495,1.1127526506164754e-11
post,google,neutral,sentiment_polarity,-0.1632014699079308,7.114384081704151e-05
post,google,neutral,sentiment_subjectivity,0.16105568508676524,0.0002578901435982351
post,google,neutral,polarization_score,0.39870695877845197,2.3514673356367903e-22
post,google,neutral,toxicity,-0.002302446103265908,0.9508952839769533
post,google,neutral,has_emoji,-0.33358067099525057,0.21348985062903236
post,google,neutral,has_hashtag,-0.050394775912338284,0.599972044235227
post,google,neutral,has_mention,-0.5538296734832231,4.3149858680519804e-10
post,google,neutral,has_url,0.01727560479116713,0.8411791406591445
author_post,anthropic,general,user_followers_count,0.5031401286709036,8.007714524663057e-17
author_post,anthropic,general,user_friends_count,-0.10779237330712871,0.04283708951588652
author_post,anthropic,general,user_statuses_count,-0.22692711225232462,5.7444677206045955e-05
author_post,anthropic,general,user_favourites_count,0.02902911219730397,0.5833227777631449
author_post,anthropic,general,favorite_count,0.23028371502317635,3.352774288286023e-08
author_post,anthropic,general,retweet_count,0.14465438420643,0.0007813640139693765
author_post,anthropic,general,avg_word_length,-0.14802480066780793,0.013701168832275809
author_post,anthropic,general,text_length,0.4400703905353767,1.1112944192024667e-31
author_post,anthropic,general,sentiment_polarity,-0.1872359481533768,3.5903457024281046e-06
author_post,anthropic,general,sentiment_subjectivity,0.058040758712417095,0.1868371857846921
author_post,anthropic,general,polarization_score,0.12668215317440734,0.0019426388114762998
author_post,anthropic,general,toxicity,-0.19931132579068903,1.4668296425624463e-05
author_post,anthropic,general,has_emoji,-0.45539159574756566,0.03356694215546277
author_post,anthropic,general,has_hashtag,-0.5425334657743985,2.0446386806622783e-07
author_post,anthropic,general,has_mention,-1.727443926172637,1.0824971583074272e-75
author_post,anthropic,general,has_url,-0.45328897420478037,4.621547483922284e-08
author_post,anthropic,popular,user_followers_count,0.5044122748242094,5.56280087642656e-15
author_post,anthropic,popular,user_friends_count,-0.15093186033171876,0.005510411789912706
author_post,anthropic,popular,user_statuses_count,-0.23850641274922618,8.145617680156693e-05
author_post,anthropic,popular,user_favourites_count,0.10227288568643499,0.06687517441890739
author_post,anthropic,popular,favorite_count,0.42567777379759897,9.986652087643878e-21
author_post,anthropic,popular,retweet_count,0.1875321946217164,8.042114537131646e-05
author_post,anthropic,popular,avg_word_length,-0.2697001818133319,2.750488070632631e-05
author_post,anthropic,popular,text_length,0.3701077970406429,5.618757100590661e-20
author_post,anthropic,popular,sentiment_polarity,-0.14515744677717493,0.0008710352366015714
author_post,anthropic,popular,sentiment_subjectivity,0.09880269487277923,0.027772075583824544
author_post,anthropic,popular,polarization_score,-0.05034318686358839,0.263721847810227
author_post,anthropic,popular,toxicity,-0.07454514268354068,0.08619224918141132
author_post,anthropic,popular,has_emoji,-0.01212922644108528,0.9516656697558303
author_post,anthropic,popular,has_hashtag,-0.35708025585739467,0.0004062358317731581
author_post,anthropic,popular,has_mention,-1.6048419456383565,1.2089396708397239e-60
author_post,anthropic,popular,has_url,-0.9372017514599479,1.0825065241034913e-26
author_post,anthropic,engaging,user_followers_count,0.5574139039879461,1.5435740829582645e-18
author_post,anthropic,engaging,user_friends_count,0.0051571123781033925,0.9271445024563879
author_post,anthropic,engaging,user_statuses_count,-0.3127826951818684,1.4537203803992635e-07
author_post,anthropic,engaging,user_favourites_count,0.06719324287055634,0.2189318814444562
author_post,anthropic,engaging,favorite_count,0.2780457381638425,4.5579864554688176e-10
author_post,anthropic,engaging,retweet_count,0.5231623538005221,2.271909754863173e-22
author_post,anthropic,engaging,avg_word_length,-0.3526078421447263,1.1298282151566083e-07
author_post,anthropic,engaging,text_length,0.2950620970612899,2.690842011488412e-13
author_post,anthropic,engaging,sentiment_polarity,-0.13342244759909128,0.0011938287581351123
author_post,anthropic,engaging,sentiment_subjectivity,0.1364314677384718,0.0017541485982782918
author_post,anthropic,engaging,polarization_score,0.14620576427717732,0.0006371979197283288
author_post,anthropic,engaging,toxicity,-0.0035352965036182186,0.9286469779781967
author_post,anthropic,engaging,has_emoji,-0.5735586437434883,0.025059089670195583
author_post,anthropic,engaging,has_hashtag,-0.0048899694094316,0.9601615048176655
author_post,anthropic,engaging,has_mention,-1.1174245600292836,3.100894034350668e-33
author_post,anthropic,engaging,has_url,-0.8428598275092195,1.6205273789955684e-22
author_post,anthropic,informative,user_followers_count,0.41193521954368817,1.826977452865737e-12
author_post,anthropic,informative,user_friends_count,-0.06524599241717134,0.16999031107840779
author_post,anthropic,informative,user_statuses_count,-0.1711276270437232,0.002936711789239781
author_post,anthropic,informative,user_favourites_count,-0.21299649043867996,3.300109226924102e-05
author_post,anthropic,informative,favorite_count,-0.027076614119482603,0.6031024882680002
author_post,anthropic,informative,retweet_count,0.019949652626897803,0.6452006054915654
author_post,anthropic,informative,avg_word_length,0.06588399390377776,0.2569311687949156
author_post,anthropic,informative,text_length,0.541173313235088,9.409963674298143e-40
author_post,anthropic,informative,sentiment_polarity,-0.21642642771541792,1.8809189077903125e-07
author_post,anthropic,informative,sentiment_subjectivity,-0.05595365763012409,0.22282935537887982
author_post,anthropic,informative,polarization_score,0.6346260896530802,7.071262240220137e-56
author_post,anthropic,informative,toxicity,-0.48621045416753217,9.280025491000341e-14
author_post,anthropic,informative,has_emoji,-1.6944600735984063,0.00031413372988352533
author_post,anthropic,informative,has_hashtag,-0.4719157502050444,9.180135250300404e-07
author_post,anthropic,informative,has_mention,-1.100027712147525,1.023586081704932e-34
author_post,anthropic,informative,has_url,0.2324048416567565,0.006060773283568621
author_post,anthropic,controversial,user_followers_count,0.23726006847311007,0.000767601729697945
author_post,anthropic,controversial,user_friends_count,-0.08709645818798896,0.16217407550446816
author_post,anthropic,controversial,user_statuses_count,-0.12414594147236306,0.03775915889991834
author_post,anthropic,controversial,user_favourites_count,-0.3345379965172277,4.934480268511988e-09
author_post,anthropic,controversial,favorite_count,-0.03289769497017853,0.5107753339496228
author_post,anthropic,controversial,retweet_count,0.07892499481565889,0.0930126897079688
author_post,anthropic,controversial,avg_word_length,-0.2600144279986567,0.0002092268654070411
author_post,anthropic,controversial,text_length,0.6443529893582544,9.134481064226731e-58
author_post,anthropic,controversial,sentiment_polarity,-0.3347009841171916,8.878723771055548e-16
author_post,anthropic,controversial,sentiment_subjectivity,0.08069085257988771,0.09519565870107158
author_post,anthropic,controversial,polarization_score,1.104447361689165,2.654060216559077e-128
author_post,anthropic,controversial,toxicity,-0.16811957213305495,7.412634752671609e-06
author_post,anthropic,controversial,has_emoji,-2.0658809112041814,2.2222917375620155e-06
author_post,anthropic,controversial,has_hashtag,-0.3714836059836696,0.0010029230263546352
author_post,anthropic,controversial,has_mention,-0.6990504135996752,2.350254934852969e-13
author_post,anthropic,controversial,has_url,-0.6094175855061047,6.79204630676001e-12
author_post,anthropic,neutral,user_followers_count,0.8132792641437324,1.4730097172111091e-34
author_post,anthropic,neutral,user_friends_count,-0.09992774854883009,0.06338017950286395
author_post,anthropic,neutral,user_statuses_count,-0.3277961422691697,5.658326711406121e-08
author_post,anthropic,neutral,user_favourites_count,-0.08628673541221266,0.10884592729666781
author_post,anthropic,neutral,favorite_count,0.2758594119939814,3.0496451348601234e-09
author_post,anthropic,neutral,retweet_count,0.5468339732405261,5.457465017180778e-24
author_post,anthropic,neutral,avg_word_length,-0.21450270996479073,0.0003588437927202652
author_post,anthropic,neutral,text_length,0.30847263294760113,1.5951583501702292e-13
author_post,anthropic,neutral,sentiment_polarity,-0.14911210928901505,0.0005216169827710604
author_post,anthropic,neutral,sentiment_subjectivity,0.07056416563602698,0.10810995588670749
author_post,anthropic,neutral,polarization_score,0.14232516680574375,0.0009094748050239533
author_post,anthropic,neutral,toxicity,-0.07763147361526823,0.06918306657898708
author_post,anthropic,neutral,has_emoji,-0.3559630554551042,0.1513272295894896
author_post,anthropic,neutral,has_hashtag,-0.2537701199517766,0.010187917898302873
author_post,anthropic,neutral,has_mention,-0.9173300318251106,7.585381517397823e-24
author_post,anthropic,neutral,has_url,-0.5542287767631253,7.245119220383207e-11
author_post,openai,general,user_followers_count,0.36267964064183655,2.1588188322808314e-08
author_post,openai,general,user_friends_count,0.1598564478339131,0.005632913773456025
author_post,openai,general,user_statuses_count,-0.11943553541812052,0.03372633565656791
author_post,openai,general,user_favourites_count,0.1691116652542247,0.0005939526551948869
author_post,openai,general,favorite_count,-0.08312076521366431,0.09668961511145567
author_post,openai,general,retweet_count,0.07749798740277368,0.08616855440940333
author_post,openai,general,avg_word_length,-0.11932474879718705,0.03881864015044634
author_post,openai,general,text_length,0.2764152359895548,3.38203273151871e-13
author_post,openai,general,sentiment_polarity,-0.0704785598303829,0.07862788503083427
author_post,openai,general,sentiment_subjectivity,0.2441358673291652,1.4729394822688185e-09
author_post,openai,general,polarization_score,0.3148383400815409,3.228945635043291e-16
author_post,openai,general,toxicity,-0.08571230248269611,0.04661084217325488
author_post,openai,general,has_emoji,-0.6236471029128662,0.009617214602640011
author_post,openai,general,has_hashtag,0.10738393190150647,0.2204216135309418
author_post,openai,general,has_mention,-0.6750859988149208,5.247721428456476e-16
author_post,openai,general,has_url,0.2922047442936636,0.0004477881383583306
author_post,openai,popular,user_followers_count,0.28507389839803926,4.67965377760046e-06
author_post,openai,popular,user_friends_count,0.02971643460675483,0.5750329220526306
author_post,openai,popular,user_statuses_count,-0.12983838749313611,0.022156567820306314
author_post,openai,popular,user_favourites_count,0.39642766710765015,9.756532218821414e-14
author_post,openai,popular,favorite_count,-0.02046043893365452,0.6408574408422971
author_post,openai,popular,retweet_count,0.07852562623077199,0.04475037683707167
author_post,openai,popular,avg_word_length,-0.18727265788522787,0.00013992546733745297
author_post,openai,popular,text_length,0.14022722544574268,2.569970086328422e-05
author_post,openai,popular,sentiment_polarity,0.01748608401574598,0.6571051759807198
author_post,openai,popular,sentiment_subjectivity,0.19048011054027336,8.804686481797617e-07
author_post,openai,popular,polarization_score,0.1691081635752972,1.6985568205540552e-05
author_post,openai,popular,toxicity,0.03446766607574228,0.3162312083769605
author_post,openai,popular,has_emoji,-0.11750565929268365,0.5179828664213244
author_post,openai,popular,has_hashtag,0.21346214271367578,0.017135563888199774
author_post,openai,popular,has_mention,-0.7358370892401336,3.1130636229092874e-18
author_post,openai,popular,has_url,-0.27474347205731475,0.0008175450909214552
author_post,openai,engaging,user_followers_count,0.33951034412304415,7.275171594933048e-08
author_post,openai,engaging,user_friends_count,0.12540051749181091,0.03318529559918716
author_post,openai,engaging,user_statuses_count,-0.16158211583938048,0.004265812234323483
author_post,openai,engaging,user_favourites_count,0.49942071287935486,1.6831763531069465e-19
author_post,openai,engaging,favorite_count,-0.06850631541078629,0.13295802196805426
author_post,openai,engaging,retweet_count,0.12074505501803308,0.005613502448122366
author_post,openai,engaging,avg_word_length,-0.19647170304758718,0.00026115545070839395
author_post,openai,engaging,text_length,0.19817639108829307,2.493993845139197e-07
author_post,openai,engaging,sentiment_polarity,0.03622447317536446,0.3783803544500618
author_post,openai,engaging,sentiment_subjectivity,0.12289757469035392,0.002037597207178995
author_post,openai,engaging,polarization_score,0.12143796000653667,0.0025105704920002823
author_post,openai,engaging,toxicity,0.06415643559394547,0.06771353395232932
author_post,openai,engaging,has_emoji,-0.5202419672119292,0.015017736083830259
author_post,openai,engaging,has_hashtag,0.2006832851907684,0.028012677776010245
author_post,openai,engaging,has_mention,-0.8485221982762373,8.371371440927794e-24
author_post,openai,engaging,has_url,-0.4236554880398396,2.8454561887034036e-07
author_post,openai,informative,user_followers_count,0.6195345391798386,5.417528158518465e-23
author_post,openai,informative,user_friends_count,-0.15522964426826338,0.003509520700812391
author_post,openai,informative,user_statuses_count,-0.1684537158758301,0.0025915118879284793
author_post,openai,informative,user_favourites_count,-0.10317399021781902,0.04141046261078504
author_post,openai,informative,favorite_count,-0.2241616782801791,1.7762591719482932e-05
author_post,openai,informative,retweet_count,0.14114577585968793,0.00037788936048389665
author_post,openai,informative,avg_word_length,0.014031053767452693,0.8174174909315889
author_post,openai,informative,text_length,0.4245630820607992,2.934063106858595e-25
author_post,openai,informative,sentiment_polarity,-0.2490153895286722,2.3326970640452326e-09
author_post,openai,informative,sentiment_subjectivity,0.06114496376229907,0.17289309600609137
author_post,openai,informative,polarization_score,0.7362143291440525,1.421216457647625e-73
author_post,openai,informative,toxicity,-0.42299750062279584,8.283101391133061e-13
author_post,openai,informative,has_emoji,-1.4185421477539475,0.0002756243755326989
author_post,openai,informative,has_hashtag,-0.32134460016293365,0.0008327064575257737
author_post,openai,informative,has_mention,-0.8221720938671021,4.01391025566537e-21
author_post,openai,informative,has_url,0.5143140250943439,4.1674056900804365e-09
author_post,openai,controversial,user_followers_count,0.4115763108699733,2.0391178465275206e-09
author_post,openai,controversial,user_friends_count,-0.09701201448683473,0.0914902383708129
author_post,openai,controversial,user_statuses_count,-0.19236161472347885,0.001236293439725394
author_post,openai,controversial,user_favourites_count,-0.07953557648911475,0.1595502366824456
author_post,openai,controversial,favorite_count,-0.20137568538842293,0.0002908639901058862
author_post,openai,controversial,retweet_count,0.14004027810733663,0.0022506788497887306
author_post,openai,controversial,avg_word_length,-0.2727717122059698,3.771746833800441e-05
author_post,openai,controversial,text_length,0.4286072621717525,9.521329105390507e-27
author_post,openai,controversial,sentiment_polarity,-0.29050772442766976,1.8006102071706703e-12
author_post,openai,controversial,sentiment_subjectivity,0.15980296552325285,0.0004171440745590241
author_post,openai,controversial,polarization_score,1.094246613130393,1.0508653947227565e-130
author_post,openai,controversial,toxicity,-0.03193570352919055,0.3785056451409258
author_post,openai,controversial,has_emoji,-1.8914839648805275,2.9670712158661434e-05
author_post,openai,controversial,has_hashtag,-0.10326902437428531,0.33396745296026276
author_post,openai,controversial,has_mention,-0.8805396230238208,3.649427875782041e-21
author_post,openai,controversial,has_url,-0.4949038029319837,2.5936724210082935e-08
author_post,openai,neutral,user_followers_count,0.4219236497222215,9.60662811733433e-12
author_post,openai,neutral,user_friends_count,-0.05667514928226754,0.2932492760109474
author_post,openai,neutral,user_statuses_count,-0.1572977058822276,0.0052752574978167125
author_post,openai,neutral,user_favourites_count,0.3887530565114262,2.369047337349123e-12
author_post,openai,neutral,favorite_count,-0.10147240496245298,0.030399526207275783
author_post,openai,neutral,retweet_count,0.1403381772368556,0.00047628736245613747
author_post,openai,neutral,avg_word_length,-0.1540410440990964,0.004846328148852526
author_post,openai,neutral,text_length,0.2993685234026612,6.340342074773577e-15
author_post,openai,neutral,sentiment_polarity,-0.039968987944236464,0.31646117953320996
author_post,openai,neutral,sentiment_subjectivity,0.10686181722171294,0.00979388943869814
author_post,openai,neutral,polarization_score,0.4292873832267325,9.430004477034351e-29
author_post,openai,neutral,toxicity,-0.0016622372662180988,0.9645025469370065
author_post,openai,neutral,has_emoji,-0.5312946501115817,0.02370619232429082
author_post,openai,neutral,has_hashtag,0.2685203857968901,0.002760242240686282
author_post,openai,neutral,has_mention,-0.5805807248634611,5.504921295735254e-12
author_post,openai,neutral,has_url,-0.18710349553580036,0.022969108022276436
author_post,google,general,user_followers_count,0.38268629245593155,6.110913529124203e-10
author_post,google,general,user_friends_count,-0.11198110354535165,0.03850472082281741
author_post,google,general,user_statuses_count,-0.11742782417562017,0.036718434874622646
author_post,google,general,user_favourites_count,-0.04020180034981989,0.4334053316214994
author_post,google,general,favorite_count,0.007363752654796548,0.8709847053855171
author_post,google,general,retweet_count,0.22866823627073343,2.6783370247529143e-07
author_post,google,general,avg_word_length,-0.11111935600118031,0.034824849148925696
author_post,google,general,text_length,0.12249777372140938,0.001441480501044028
author_post,google,general,sentiment_polarity,-0.2175774841309746,5.6504417000506914e-08
author_post,google,general,sentiment_subjectivity,0.10218013279165597,0.010932465572142497
author_post,google,general,polarization_score,0.13933143244779028,0.0005315790604514999
author_post,google,general,toxicity,-0.09336395063799048,0.027030014454014668
author_post,google,general,has_emoji,-0.08198478395615309,0.70403509610367
author_post,google,general,has_hashtag,-0.15784660678890794,0.09593920017860305
author_post,google,general,has_mention,-0.7750427974250161,7.2201881604489e-20
author_post,google,general,has_url,-0.07229896364868377,0.38018160485462127
author_post,google,popular,user_followers_count,0.2665546677714138,3.076838435824763e-05
author_post,google,popular,user_friends_count,-0.027657358506273745,0.6074841286284787
author_post,google,popular,user_statuses_count,-0.19417291262671194,0.0007713831318241887
author_post,google,popular,user_favourites_count,0.09296368493693462,0.07368948762045663
author_post,google,popular,favorite_count,0.030638687230748664,0.5290853674227187
author_post,google,popular,retweet_count,0.139993976365951,0.0008322236308635282
author_post,google,popular,avg_word_length,-0.10562979470550236,0.041006721330838755
author_post,google,popular,text_length,0.0778089701027757,0.04620696504785826
author_post,google,popular,sentiment_polarity,-0.22262407192376427,4.5350082314968135e-08
author_post,google,popular,sentiment_subjectivity,0.1590364129157223,4.5730024652424034e-05
author_post,google,popular,polarization_score,0.07116750958825589,0.08304391190158619
author_post,google,popular,toxicity,0.02116107446579329,0.5613449822764072
author_post,google,popular,has_emoji,-0.07824147221453118,0.709288606408459
author_post,google,popular,has_hashtag,-0.16475470159759048,0.08439970457987743
author_post,google,popular,has_mention,-0.9251739274355081,1.4744651885780786e-26
author_post,google,popular,has_url,-0.1654239958470362,0.045628001443255004
author_post,google,engaging,user_followers_count,0.4456155490688507,3.3382410589497144e-14
author_post,google,engaging,user_friends_count,-0.03446543493242053,0.5358441225570969
author_post,google,engaging,user_statuses_count,-0.1793533157557086,0.0010669640842078897
author_post,google,engaging,user_favourites_count,0.08021677739619892,0.11946218871887929
author_post,google,engaging,favorite_count,-0.11251167446636309,0.01567781060144421
author_post,google,engaging,retweet_count,0.3018565204933113,1.2495981475275321e-13
author_post,google,engaging,avg_word_length,-0.125984986800163,0.017421019929994105
author_post,google,engaging,text_length,0.13541905216536615,0.00018436962853037795
author_post,google,engaging,sentiment_polarity,-0.15174453592821102,0.00010076293518488826
author_post,google,engaging,sentiment_subjectivity,0.14068190431151492,0.00036828328007399217
author_post,google,engaging,polarization_score,0.3394372320991182,7.1098136030703e-18
author_post,google,engaging,toxicity,0.12287271449750885,0.00013763905322382162
author_post,google,engaging,has_emoji,-0.00038645838422461497,0.998530301807993
author_post,google,engaging,has_hashtag,0.21078649738091135,0.02058570415876521
author_post,google,engaging,has_mention,-0.852968957769315,2.5939253127131375e-23
author_post,google,engaging,has_url,-0.16958378352490064,0.042319102168865474
author_post,google,informative,user_followers_count,0.5203499322244765,1.7011687678588e-18
author_post,google,informative,user_friends_count,-0.1348179569701099,0.009142026207053114
author_post,google,informative,user_statuses_count,-0.14077848017209688,0.00868845975119845
author_post,google,informative,user_favourites_count,-0.24007324798663837,7.070517068198591e-07
author_post,google,informative,favorite_count,-0.2692965556228699,9.13878768583856e-07
author_post,google,informative,retweet_count,0.18543271559676375,1.611661591027266e-05
author_post,google,informative,avg_word_length,0.178739252551746,0.00019695507640242943
author_post,google,informative,text_length,0.20698146538796572,3.670740018906551e-09
author_post,google,informative,sentiment_polarity,-0.18034517278798112,1.3544928550695158e-05
author_post,google,informative,sentiment_subjectivity,0.02729947067141694,0.5196849162016253
author_post,google,informative,polarization_score,0.4401500659705506,1.62468116053008e-30
author_post,google,informative,toxicity,-0.273335753099376,6.404895992018668e-06
author_post,google,informative,has_emoji,-1.0434231517155876,0.001955935139027117
author_post,google,informative,has_hashtag,-0.190546644359568,0.030103437874015156
author_post,google,informative,has_mention,-0.541285658669234,4.541235281432327e-11
author_post,google,informative,has_url,0.9210953597171746,1.5242211405294392e-24
author_post,google,controversial,user_followers_count,0.21038072827612714,0.0012811038240185123
author_post,google,controversial,user_friends_count,-0.056092988448787386,0.30775758894460004
author_post,google,controversial,user_statuses_count,-0.19050350875570954,0.001297835214186192
author_post,google,controversial,user_favourites_count,-0.06280296448458549,0.2506081268142666
author_post,google,controversial,favorite_count,-0.15574197991499417,0.0061649119601109885
author_post,google,controversial,retweet_count,0.11792745393097108,0.0071718502656353475
author_post,google,controversial,avg_word_length,-0.12127757903300672,0.03985356875638333
author_post,google,controversial,text_length,0.3541348029537845,7.319592576756967e-19
author_post,google,controversial,sentiment_polarity,-0.24882815018981277,6.710585302531623e-10
author_post,google,controversial,sentiment_subjectivity,0.040245102968098086,0.35212079084015113
author_post,google,controversial,polarization_score,0.7316803618190862,9.372579802299087e-71
author_post,google,controversial,toxicity,0.12081396418078093,0.00020552425765741803
author_post,google,controversial,has_emoji,-1.039382947262406,0.0017100505534503772
author_post,google,controversial,has_hashtag,-0.0976022593646204,0.31822151434435475
author_post,google,controversial,has_mention,-0.8894237504970814,1.7721726643968375e-23
author_post,google,controversial,has_url,-0.279959013038672,0.000923887515150119
author_post,google,neutral,user_followers_count,0.7443608106405994,1.528902024159276e-30
author_post,google,neutral,user_friends_count,-0.2495942697253774,5.145213939837603e-06
author_post,google,neutral,user_statuses_count,-0.1554509918971444,0.0061390271244285526
author_post,google,neutral,user_favourites_count,0.030338371420733944,0.5766357983106027
author_post,google,neutral,favorite_count,0.09613981637673194,0.02431961841727654
author_post,google,neutral,retweet_count,0.36805831022685137,2.8406592160789054e-14
author_post,google,neutral,avg_word_length,-0.0614244797366939,0.19115791100095103
author_post,google,neutral,text_length,0.23054628651473927,4.757950602766005e-10
author_post,google,neutral,sentiment_polarity,-0.12852913268598964,0.0026039956982079155
author_post,google,neutral,sentiment_subjectivity,0.036747604096851204,0.39313838681894686
author_post,google,neutral,polarization_score,0.12373667397228937,0.0024108768620485703
author_post,google,neutral,toxicity,-0.10601640355400448,0.014341670984845617
author_post,google,neutral,has_emoji,-0.3115165266438998,0.14345367213151597
author_post,google,neutral,has_hashtag,0.18973407056113925,0.04221436328985221
author_post,google,neutral,has_mention,-0.563732286022771,6.722827599189166e-11
author_post,google,neutral,has_url,0.1038994268173606,0.21899353729830473
